Customer Tier,Transaction date,Replace,Remove,Firedoor,Drop Test,Bumpers,Is_customer_Lenworth,Specialty Door,Dock Seal,Door(general),Hardware/Parts,Dimensions,Column1,Work_type,sqft_services,Flat_Services,Operator/Opener,Install,Quantity,Sales price,Amount,Totals,Distance,service,Distance Tier,unique,Unnamed: 27,Unnamed: 28,Unnamed: 29,Unnamed: 30,door_width,door_height,door_sqft,size_source,size_confidence,size_note
Recurring,07/07/2021,0,0,0,0,0,0,0,0,0,0,,,Install,,Dock Seal,0,1,1.0,14200.0,14200.0,16046.0,216.53, Install,2,,,,,,,,,standard_default,low,no_size_applicable
New,29/03/2023,0,0,0,0,0,0,0,0,1,0,16 * 16,,Other/Misc,Door (General),Operator/Opener,0,0,1.0,10930.0,10930.0,12350.9,696.34,,5,,,,,,,,,standard_default,low,no_size_applicable
Recurring,10/12/2025,0,0,0,0,0,0,0,0,1,0,9 * 10,,Install,Door (General),,0,1,1.0,550.0,9900.0,11187.0,44.0,Door (General) Install,0,,,,, Install,,,,standard_default,low,no_size_applicable
New,29/03/2023,0,0,0,0,0,0,0,0,1,0,14 * 14,,Other/Misc,Door (General),Operator/Opener,0,0,1.0,8535.0,8535.0,9644.55,696.34,,5,,,,,High Speed Door Install,,,,standard_default,low,no_size_applicable
Loyalty,28/05/2024,1,0,0,0,0,1,0,0,1,0,9 * 10,,Replace,Door (General),,0,0,1.0,8150.0,8150.0,9209.5,143.9,,1,,,,,Other/Misc Install,,,,standard_default,low,no_size_applicable
New,21/03/2023,0,0,0,0,0,0,0,0,1,0,10 * 8,,Supply Only,Door (General),,0,0,2.0,8560.0,8560.0,9672.8,338.24,,3,,,,,,,,,standard_default,low,no_size_applicable
Recurring,16/04/2025,0,1,0,0,0,0,0,0,1,0,,,Remove and Replace,Door (General),,0,0,8.0,33100.0,33100.0,37403.0,20.4,,0,,,,,,,,,standard_default,low,no_size_applicable
New,18/11/2024,0,0,0,0,0,0,0,0,1,0,12 * 12,,Supply Only,Door (General),,0,0,1.0,4100.0,4100.0,4633.0,169.0,,1,,,,,,,,,standard_default,low,no_size_applicable
Loyalty,20/11/2021,0,0,0,0,0,1,0,0,1,0,,,Install,Door (General),,0,1,1.0,100.0,3600.0,4068.0,109.0,Door (General) Install,1,,,,,,,,,standard_default,low,no_size_applicable
Recurring,22/04/2023,0,1,0,0,0,0,0,0,1,0,20.6 * 22,,Remove and Replace,Door (General),,0,0,1.0,3500.0,3500.0,3955.0,45.1,,0,,,,,,,,,standard_default,low,no_size_applicable
Recurring,10/04/2024,0,1,0,0,0,0,0,0,1,0,,,Remove and Replace,Door (General),,0,0,2.0,6200.0,6200.0,7006.0,83.94,,0,,,,,,,,,standard_default,low,no_size_applicable
Recurring,20/03/2023,0,0,0,0,0,0,0,0,1,0,,,Repair,Door (General),,0,0,1.0,3040.0,3040.0,3435.2,63.41,,0,,,,,,,,,standard_default,low,no_size_applicable
Recurring,29/07/2023,0,1,0,0,0,0,0,0,1,0,,,Remove and Replace,Door (General),,0,0,1.0,3000.0,3000.0,3390.0,139.8,,1,,,,,,,,,standard_default,low,no_size_applicable
Recurring,17/05/2022,0,0,0,0,0,0,0,0,1,0,9 * 10,,Supply Only,Door (General),,0,0,2.0,2820.0,5640.0,6373.2,163.0,,1,,,,,,,,,standard_default,low,no_size_applicable
Recurring,26/07/2022,0,1,0,0,0,0,0,0,1,0,,,Remove and Replace,Door (General),,0,0,1.0,2800.0,2800.0,3164.0,29.0,,0,,,,,,,,,standard_default,low,no_size_applicable
Recurring,01/10/2024,1,0,0,0,0,0,0,0,1,0,,,Replace,Door (General),,0,0,1.0,2450.0,2450.0,2768.5,212.53,,2,,,,,,,,,standard_default,low,no_size_applicable
Recurring,19/08/2023,1,0,0,0,0,0,0,0,1,0,,,Replace,Door (General),,0,0,2.0,4700.0,4700.0,5311.0,56.19,,0,,,,,,,,,standard_default,low,no_size_applicable
Recurring,11/10/2023,1,0,0,0,0,0,0,0,1,0,16 * 16,,Replace,Door (General),,0,0,1.0,2300.0,2300.0,2599.0,55.09,,0,,,,,,,,,standard_default,low,no_size_applicable
Recurring,14/06/2023,0,1,0,0,0,0,0,0,0,0,14 * 14,,Remove and Replace,Traffic/Crash Door,,0,0,2.0,4500.0,4500.0,5085.0,63.41,,0,,,,,,,,,standard_default,low,no_size_applicable
Recurring,28/02/2023,0,0,0,0,0,0,0,0,1,0,,,Labor,Door (General),,0,0,1.0,2150.0,2150.0,2429.5,66.56,,0,,,,,,,,,standard_default,low,no_size_applicable
Recurring,31/12/2022,0,1,0,0,0,0,0,0,1,0,,,Remove and Replace,Door (General),,0,0,1.0,2100.0,2100.0,2373.0,0.51,,0,,,,,,,,,standard_default,low,no_size_applicable
New,26/07/2022,0,0,0,0,0,0,0,0,1,0,10 * 8,,Other/Misc,Door (General),,0,0,2.0,2040.0,4080.0,4610.4,313.04,,3,,,,,,,,,standard_default,low,no_size_applicable
Loyalty,16/10/2021,0,0,0,0,0,1,0,0,0,0,,,Relocate,Fire Door,,0,0,1.0,2000.0,2000.0,2260.0,318.22,,3,,,,,,,,,standard_default,low,no_size_applicable
Recurring,26/07/2022,0,0,0,0,0,0,0,0,1,0,8 * 7,,Other/Misc,Door (General),,0,0,1.0,1955.0,1955.0,2209.15,231.4,,2,,,,,,,,,standard_default,low,no_size_applicable
Recurring,03/05/2024,1,0,0,0,0,0,0,0,1,0,,,Replace,Door (General),,0,0,1.0,1800.0,1800.0,2034.0,163.12,,1,,,,,,,,,standard_default,low,no_size_applicable
Recurring,22/04/2024,1,0,0,0,0,0,0,0,1,0,,,Replace,Door (General),,0,0,1.0,1800.0,1800.0,2034.0,328.0,,3,,,,,,,,,standard_default,low,no_size_applicable
Recurring,25/01/2024,0,1,0,0,0,0,0,0,1,0,,,Remove and Replace,Door (General),,0,0,1.0,1800.0,1800.0,2034.0,329.07,,3,,,,,,,,,standard_default,low,no_size_applicable
New,22/10/2022,0,0,0,0,0,0,0,0,1,0,,,Modify,Door (General),,0,0,1.0,1675.0,1675.0,1892.75,281.96,,2,,,,,,,,,standard_default,low,no_size_applicable
Recurring,21/03/2026,0,1,0,0,0,0,0,0,1,0,14 * 14,,Remove and Replace,Door (General),,0,0,1.0,1600.0,1600.0,1808.0,50.0,,0,,,,,,,,,standard_default,low,no_size_applicable
Loyalty,22/10/2022,0,1,0,0,0,1,0,0,1,0,,,Remove and Replace,Door (General),,0,0,11.0,1600.0,17600.0,19888.0,59.08,,0,,,,,,,,,standard_default,low,no_size_applicable
New,03/10/2022,0,0,0,0,0,0,0,0,1,0,,,Repair,Door (General),,0,0,1.0,1550.0,1550.0,1751.5,40.54,,0,,,,,,,,,standard_default,low,no_size_applicable
New,26/07/2022,0,0,0,0,0,0,0,0,1,0,,,Supply Only,Door (General),,0,0,1.0,1550.0,1550.0,1751.5,108.0,,1,,,,,,,,,standard_default,low,no_size_applicable
Loyalty,01/07/2025,1,0,0,0,0,1,0,0,1,0,,,Replace,Door (General),Operator/Opener,0,0,2.0,1500.0,3000.0,3390.0,23.0,,0,,,,,,,,,standard_default,low,no_size_applicable
Recurring,30/06/2022,0,1,0,0,0,0,0,0,1,0,,,Remove and Replace,Door (General),Operator/Opener,0,0,1.0,1500.0,1500.0,1695.0,45.1,,0,,,,,,,,,standard_default,low,no_size_applicable
Recurring,24/07/2023,1,0,0,0,0,0,0,0,1,0,,,Replace,Door (General),,0,0,1.0,1500.0,1500.0,1695.0,49.09,,0,,,,,,,,,standard_default,low,no_size_applicable
Recurring,27/02/2023,0,1,0,0,0,0,0,0,1,0,,,Remove and Replace,Door (General),,0,0,1.0,1500.0,1500.0,1695.0,55.09,,0,,,,,,,,,standard_default,low,no_size_applicable
Recurring,24/07/2023,0,1,0,0,0,0,0,0,1,0,,,Remove and Replace,Door (General),Operator/Opener,0,0,1.0,1500.0,1500.0,1695.0,59.68,,0,,,,,,,,,standard_default,low,no_size_applicable
Recurring,01/06/2024,0,0,0,0,0,0,0,0,0,0,,,Labor,,Extra Work,0,0,1.0,1500.0,1500.0,1695.0,91.0,,0,,,,,,,,,standard_default,low,no_size_applicable
Recurring,23/04/2022,1,0,0,0,0,0,0,0,1,0,,,Replace,Door (General),,0,0,1.0,1500.0,1500.0,1695.0,115.05,,1,,,,,,,,,standard_default,low,no_size_applicable
Recurring,05/02/2022,0,1,0,0,0,0,0,0,1,0,,,Remove and Replace,Door (General),,0,0,1.0,1200.0,1200.0,1356.0,58.0,,0,,,,,,,,,standard_default,low,no_size_applicable
Loyalty,29/12/2023,0,0,0,0,0,1,0,0,0,0,,,Labor,,Extra Work,0,0,1.0,1200.0,1200.0,1356.0,200.0,,1,,,,,,,,,standard_default,low,no_size_applicable
Recurring,27/10/2025,0,0,0,0,0,0,0,0,0,0,,,Relocate,,Extra Work,0,0,1.0,1200.0,1200.0,1356.0,316.79,,3,,,,,,,,,standard_default,low,no_size_applicable
Recurring,31/12/2022,0,0,0,0,0,0,0,0,1,0,,,Other/Misc,Door (General),,0,0,1.0,1200.0,1200.0,1356.0,682.64,,5,,,,,,,,,standard_default,low,no_size_applicable
Recurring,24/10/2020,0,0,0,0,0,0,0,0,1,0,,,Other/Misc,Door (General),,0,0,1.0,1105.0,1105.0,1248.65,231.4,,2,,,,,,,,,standard_default,low,no_size_applicable
Loyalty,04/08/2025,0,0,0,0,0,1,0,0,1,0,,,"Labor
",Door (General),,0,0,11.0,1100.0,12100.0,13673.0,190.5,,1,,,,,,,,,standard_default,low,no_size_applicable
Loyalty,28/03/2023,0,0,0,0,0,1,0,0,1,0,,,Supply Only,Door (General),,0,0,1.0,1050.0,1050.0,1186.5,30.57,,0,,,,,,,,,standard_default,low,no_size_applicable
Recurring,15/05/2023,0,0,0,0,0,0,0,0,1,0,,,Repair,Door (General),,0,0,1.0,1000.0,1000.0,1130.0,33.51,,0,,,,,,,,,standard_default,low,no_size_applicable
Loyalty,02/04/2025,0,0,0,0,0,1,0,0,1,0,,,Repair,Door (General),,0,0,1.0,1000.0,1000.0,1130.0,42.51,,0,,,,,,,,,standard_default,low,no_size_applicable
Loyalty,08/04/2022,0,1,0,0,0,1,0,0,1,0,,,Remove,Door (General),Operator/Opener,0,0,1.0,1000.0,1000.0,1130.0,51.68,,0,,,,,,,,,standard_default,low,no_size_applicable
Loyalty,13/09/2021,1,0,0,0,0,1,0,0,0,0,,,Replace,Other/Misc,,0,0,1.0,1000.0,1000.0,1130.0,55.71,,0,,,,,,,,,standard_default,low,no_size_applicable
Loyalty,05/02/2022,0,0,0,0,0,1,0,0,1,0,,,Labor,Door (General),,0,0,1.0,1000.0,1000.0,1130.0,61.33,,0,,,,,,,,,standard_default,low,no_size_applicable
Loyalty,20/06/2022,0,1,0,0,0,1,0,0,1,0,,,Remove and Replace,Door (General),,0,0,2.0,1000.0,2000.0,2260.0,74.68,,0,,,,,,,,,standard_default,low,no_size_applicable
Loyalty,20/12/2021,0,1,0,0,0,1,0,0,1,0,4 * 8,,Remove and Replace,Door (General),Operator/Opener,0,0,1.0,1000.0,1000.0,1130.0,183.0,,1,,,,,,,,,standard_default,low,no_size_applicable
Loyalty,07/09/2025,0,0,0,0,0,1,0,0,0,0,,,Labor,High Speed Door,,0,0,1.0,950.0,950.0,1073.5,108.2,,1,,,,,,,,,standard_default,low,no_size_applicable
Loyalty,17/05/2022,1,0,0,0,0,1,0,0,1,0,,,Replace,Door (General),,0,0,1.0,900.0,900.0,1017.0,17.9,,0,,,,,,,,,standard_default,low,no_size_applicable
Loyalty,05/03/2026,0,0,0,0,0,1,0,0,1,0,,,Repair,Door (General),,0,0,2.0,1800.0,1800.0,2034.0,50.67,,0,,,,,,,,,standard_default,low,no_size_applicable
Recurring,24/10/2020,0,0,0,0,0,0,0,0,1,0,8 * 7,,Other/Misc,Door (General),,0,0,1.0,850.0,850.0,960.5,231.4,,2,,,,,,,,,standard_default,low,no_size_applicable
Loyalty,25/07/2024,0,0,0,0,0,1,0,0,1,0,10 * 10,,Repair,Door (General),,0,0,2.0,837.5,1675.0,1892.75,38.13,,0,,,,,,,,,standard_default,low,no_size_applicable
Recurring,21/03/2026,0,1,0,0,0,0,0,0,1,0,,,Remove and Replace,Door (General),,0,0,1.0,800.0,800.0,904.0,36.0,,0,,,,,,,,,standard_default,low,no_size_applicable
Recurring,15/03/2021,0,1,0,0,0,0,0,0,1,0,,,Remove and Replace,Door (General),,0,0,1.0,800.0,800.0,904.0,82.0,,0,,,,,,,,,standard_default,low,no_size_applicable
Recurring,02/12/2021,0,1,0,0,0,0,0,0,1,0,10 * 2,,Remove and Replace,Door (General),,0,0,1.0,800.0,800.0,904.0,92.35,,0,,,,,,,,,standard_default,low,no_size_applicable
Loyalty,14/12/2020,0,1,0,0,0,1,0,0,1,0,,,Remove and Replace,Door (General),,0,0,3.0,800.0,2400.0,2712.0,108.98,,1,,,,,,,,,standard_default,low,no_size_applicable
Recurring,26/07/2022,0,1,0,0,0,0,0,0,1,0,,,Remove and Replace,Door (General),,0,0,1.0,800.0,800.0,904.0,211.68,,2,,,,,,,,,standard_default,low,no_size_applicable
Loyalty,04/05/2021,0,1,0,0,0,1,0,0,1,0,,,Remove and Replace,Door (General),Operator/Opener,0,0,2.0,1600.0,1600.0,1808.0,558.22,,5,,,,,,,,,standard_default,low,no_size_applicable
Recurring,02/02/2026,1,0,0,0,0,0,0,0,1,0,,,Replace,Door (General),,0,0,3.0,750.0,2250.0,2542.5,12.6,,0,,,,,,,,,standard_default,low,no_size_applicable
Recurring,02/02/2026,1,0,0,0,0,0,0,0,1,0,,,Replace,Door (General),,0,0,3.0,750.0,2250.0,2542.5,36.6,,0,,,,,,,,,standard_default,low,no_size_applicable
Recurring,05/01/2024,0,1,0,0,0,0,0,0,1,0,,,Remove and Replace,Door (General),,0,0,3.0,2250.0,2250.0,2542.5,45.6,,0,,,,,,,,,standard_default,low,no_size_applicable
Recurring,02/02/2026,0,0,0,0,0,0,0,0,1,0,,,Repair,Door (General),,0,0,2.0,750.0,1500.0,1695.0,48.99,,0,,,,,,,,,standard_default,low,no_size_applicable
New,05/11/2024,0,1,0,0,0,0,0,0,1,0,,,Remove,Door (General),,0,0,1.0,750.0,750.0,847.5,212.53,,2,,,,,,,,,standard_default,low,no_size_applicable
Recurring,30/01/2024,1,0,0,0,0,0,0,0,1,0,,,Replace,Door (General),,0,0,5.0,700.0,3500.0,3955.0,15.01,,0,,,,,,,,,standard_default,low,no_size_applicable
New,15/05/2023,0,0,0,0,0,0,0,0,1,0,,,Repair,Door (General),,0,0,1.0,700.0,700.0,791.0,22.96,,0,,,,,,,,,standard_default,low,no_size_applicable
Recurring,02/02/2026,0,1,0,0,0,0,0,0,1,0,,,Remove,Door (General),,0,0,1.0,700.0,700.0,791.0,46.0,,0,,,,,,,,,standard_default,low,no_size_applicable
Loyalty,10/12/2025,1,0,0,0,0,1,0,0,1,0,,,Replace,Door (General),,0,0,1.0,700.0,700.0,791.0,72.0,,0,,,,,,,,,standard_default,low,no_size_applicable
Recurring,20/07/2021,0,0,0,0,0,0,0,0,1,0,,,Repair,Door (General),,0,0,2.0,700.0,1400.0,1582.0,123.17,,1,,,,,,,,,standard_default,low,no_size_applicable
Recurring,21/07/2021,0,0,0,0,0,0,0,0,1,0,,,Repair,Door (General),,0,0,1.0,700.0,700.0,791.0,127.12,,1,,,,,,,,,standard_default,low,no_size_applicable
Recurring,08/07/2021,0,0,0,0,0,0,0,0,1,0,,,Repair,Door (General),,0,0,1.0,650.0,650.0,734.5,54.67,,0,,,,,,,,,standard_default,low,no_size_applicable
Recurring,30/06/2022,0,1,0,0,0,0,0,0,1,0,,,Remove and Replace,Door (General),,0,0,2.0,1250.0,1250.0,1412.5,45.08,,0,,,,,,,,,standard_default,low,no_size_applicable
Recurring,10/06/2021,0,0,0,0,0,0,0,0,1,0,,,Repair,Door (General),,0,0,1.0,600.0,600.0,678.0,43.45,,0,,,,,,,,,standard_default,low,no_size_applicable
Recurring,10/06/2021,0,0,0,0,0,0,0,0,1,0,,,Repair,Door (General),,0,0,1.0,600.0,600.0,678.0,43.45,,0,,,,,,,,,standard_default,low,no_size_applicable
Recurring,24/10/2020,1,0,0,0,0,0,0,0,1,0,,,Replace,Door (General),,0,0,1.0,600.0,600.0,678.0,60.05,,0,,,,,,,,,standard_default,low,no_size_applicable
Recurring,15/05/2023,1,0,0,0,0,0,0,0,1,0,,,Replace,Door (General),,0,0,1.0,600.0,600.0,678.0,68.4,,0,,,,,,,,,standard_default,low,no_size_applicable
Loyalty,19/08/2023,1,0,0,0,0,1,0,0,1,0,,,Replace,Door (General),Operator/Opener,0,0,1.0,600.0,600.0,678.0,110.0,,1,,,,,,,,,standard_default,low,no_size_applicable
Recurring,10/01/2026,0,0,0,0,0,0,0,0,1,0,,,Install,Door (General),,0,1,6.0,600.0,3600.0,4068.0,211.68,Door (General) Install,2,,,,,,,,,standard_default,low,no_size_applicable
Recurring,13/02/2026,0,0,0,0,0,0,0,0,1,0,,,Install,Door (General),,0,1,33.0,550.0,18150.0,20509.5,138.61,Door (General) Install,1,,,,,,,,,standard_default,low,no_size_applicable
Recurring,13/06/2023,0,0,0,0,0,0,0,0,1,0,10 * 10,,Repair,Door (General),,0,0,1.0,516.0,516.0,583.08,349.43,,3,,,,,,,,,standard_default,low,no_size_applicable
Recurring,30/11/2021,0,0,0,0,0,0,0,0,1,0,,,Install,Door (General),,0,1,11.0,500.0,5500.0,6215.0,22.0,Door (General) Install,0,,,,,,,,,standard_default,low,no_size_applicable
New,20/03/2023,0,0,0,0,0,0,0,0,1,0,,,Install,Door (General),Operator/Opener,0,1,1.0,500.0,500.0,565.0,34.03,Door (General) Install,0,,,,,,,,,standard_default,low,no_size_applicable
New,14/04/2023,1,0,0,0,0,0,0,0,1,0,,,Replace,Door (General),,0,0,1.0,500.0,500.0,565.0,35.02,,0,,,,,,,,,standard_default,low,no_size_applicable
Loyalty,03/02/2025,0,0,0,0,0,1,0,0,1,0,,,Repair,Door (General),,0,0,1.0,500.0,500.0,565.0,45.73,,0,,,,,,,,,standard_default,low,no_size_applicable
Loyalty,20/03/2025,0,1,0,0,0,1,0,0,1,0,,,Remove,Door (General),,0,0,2.0,500.0,1000.0,1130.0,78.08,,0,,,,,,,,,standard_default,low,no_size_applicable
Loyalty,03/03/2025,1,0,0,0,0,1,0,0,1,0,,,Replace,Door (General),,0,0,1.0,500.0,500.0,565.0,78.6,,0,,,,,,,,,standard_default,low,no_size_applicable
Recurring,03/03/2021,0,0,0,0,0,0,0,0,1,0,,,Install,Door (General),Operator/Opener,0,1,10.0,500.0,5000.0,5650.0,83.18,Door (General) Install,0,,,,,,,,,standard_default,low,no_size_applicable
Recurring,14/12/2020,1,0,0,0,0,0,0,0,1,0,,,Replace,Door (General),,0,0,1.0,450.0,450.0,508.5,34.03,,0,,,,,,,,,standard_default,low,no_size_applicable
New,06/12/2022,0,0,0,0,0,0,0,0,1,0,,,Install,Door (General),,0,1,1.0,450.0,450.0,508.5,40.78,Door (General) Install,0,,,,,,,,,standard_default,low,no_size_applicable
Recurring,22/11/2024,0,0,0,0,0,0,0,0,1,0,,,Service Call,Door (General),,0,0,1.0,400.0,400.0,452.0,33.6,,0,,,,,,,,,standard_default,low,no_size_applicable
Recurring,23/04/2022,0,0,0,0,0,0,0,0,1,0,,,Install,Door (General),Operator/Opener,0,1,1.0,400.0,400.0,452.0,34.03,Door (General) Install,0,,,,,,,,,standard_default,low,no_size_applicable
Loyalty,15/05/2023,0,0,0,0,0,1,0,0,1,0,,,Install,Door (General),,0,1,4.0,400.0,1600.0,1808.0,51.46,Door (General) Install,0,,,,,,,,,standard_default,low,no_size_applicable
Loyalty,29/04/2022,0,0,0,0,0,1,0,0,1,0,,,Install,Door (General),,0,1,2.0,400.0,800.0,904.0,51.62,Door (General) Install,0,,,,,,,,,standard_default,low,no_size_applicable
Loyalty,14/05/2021,0,0,0,0,0,1,0,0,1,0,,,Install,Door (General),,0,1,6.0,400.0,2400.0,2712.0,67.23,Door (General) Install,0,,,,,,,,,standard_default,low,no_size_applicable
Recurring,20/03/2023,0,0,0,0,0,0,0,0,0,0,,,Install,Fire Door,Drop Test,0,1,10.0,650.0,6500.0,7345.0,68.83,Fire Door Install,0,,,,,,3.0,7.0,21.0,standard_default,low,standard_size_default
Loyalty,29/05/2024,0,0,0,0,0,1,0,0,1,0,,,Install,Door (General),,0,1,42.0,400.0,16800.0,18984.0,71.44,Door (General) Install,0,,,,,,,,,standard_default,low,no_size_applicable
Recurring,17/05/2022,0,0,0,0,0,0,0,0,1,0,,,Install,Door (General),,0,1,3.0,400.0,1200.0,1356.0,91.99,Door (General) Install,0,,,,,,,,,standard_default,low,no_size_applicable
Loyalty,25/04/2024,0,0,0,0,0,1,0,0,1,0,,,Install,Door (General),,0,1,60.0,400.0,24000.0,27120.0,125.04,Door (General) Install,1,,,,,,,,,standard_default,low,no_size_applicable
Loyalty,21/03/2026,0,0,0,0,0,1,0,0,0,0,,,Install,Traffic/Crash Door,,0,1,4.0,400.0,1600.0,1808.0,156.01,Traffic/Crash Door Install,1,,,,,,,,,standard_default,low,no_size_applicable
Loyalty,29/09/2021,0,0,0,0,0,1,0,0,1,0,,,Install,Door (General),,0,1,60.0,400.0,24000.0,27120.0,173.81,Door (General) Install,1,,,,,,,,,standard_default,low,no_size_applicable
Loyalty,06/10/2021,0,0,0,0,0,1,0,0,1,0,,,Install,Door (General),,0,1,20.0,400.0,8000.0,9040.0,173.81,Door (General) Install,1,,,,,,,,,standard_default,low,no_size_applicable
Loyalty,10/10/2025,0,1,0,0,0,1,0,0,0,0,,,Remove and Replace,High Speed Door,,0,0,4.0,1600.0,1600.0,1808.0,310.83,,3,,,,,,,,,standard_default,low,no_size_applicable
Loyalty,24/07/2023,0,0,0,0,0,1,0,0,1,0,,,Install,Door (General),,0,1,25.0,350.0,8750.0,9887.5,27.56,Door (General) Install,0,,,,,,,,,standard_default,low,no_size_applicable
Loyalty,26/11/2022,1,0,0,0,0,1,0,0,0,0,,,Replace,,Operator/Opener,0,0,2.0,350.0,700.0,791.0,59.08,,0,,,,,,,,,standard_default,low,no_size_applicable
Loyalty,20/03/2023,0,0,0,0,0,1,0,0,1,0,,,Install,Door (General),,0,1,21.0,350.0,7350.0,8305.5,110.0,Door (General) Install,1,,,,,,,,,standard_default,low,no_size_applicable
Loyalty,28/03/2023,0,0,0,0,0,1,0,0,0,0,,,Install,Traffic/Crash Door,,0,1,4.0,350.0,1400.0,1582.0,116.78,Traffic/Crash Door Install,1,,,,,,,,,standard_default,low,no_size_applicable
Loyalty,03/05/2021,0,0,0,0,0,1,0,0,1,0,,,Repair,Door (General),Operator/Opener,0,0,3.0,1000.0,1000.0,1130.0,203.06,,2,,,,,,,,,standard_default,low,no_size_applicable
Loyalty,27/02/2023,1,0,0,0,0,1,0,0,0,0,,,Replace,Other/Misc,,0,0,1.0,300.0,300.0,339.0,8.98,,0,,,,,,,,,standard_default,low,no_size_applicable
Loyalty,30/06/2022,0,0,0,0,0,1,0,0,0,0,,,Service Call,Other/Misc,,0,0,1.0,300.0,300.0,339.0,17.9,,0,,,,,,,,,standard_default,low,no_size_applicable
Recurring,07/06/2021,0,0,0,0,0,0,0,0,1,0,,,Install,Door (General),Operator/Opener,0,1,9.0,300.0,2700.0,3051.0,46.0,Door (General) Install,0,,,,,,,,,standard_default,low,no_size_applicable
Recurring,24/07/2023,0,0,0,0,0,0,0,0,0,0,,,Labor,,Extra Work,0,0,1.0,300.0,300.0,339.0,110.28,,1,,,,,,,,,standard_default,low,no_size_applicable
New,31/12/2022,0,0,0,0,0,0,0,0,0,0,,,Other/Misc,Remote/Photo Eye,,0,0,1.0,255.0,255.0,288.15,281.96,,2,,,,,,,,,standard_default,low,no_size_applicable
Loyalty,28/03/2023,0,1,0,0,0,1,0,0,1,0,,,Remove,Door (General),,0,0,3.0,250.0,750.0,847.5,44.47,,0,,,,,,,,,standard_default,low,no_size_applicable
Recurring,02/09/2021,0,1,0,0,0,0,0,0,1,0,,,Remove and Replace,Door (General),,0,0,3.0,200.0,600.0,678.0,20.55,,0,,,,,,,,,standard_default,low,no_size_applicable
New,12/01/2023,0,0,0,0,0,0,0,0,1,0,,,Install,Door (General),Operator/Opener,0,1,10.0,200.0,2000.0,2260.0,34.42,Door (General) Install,0,,,,,,,,,standard_default,low,no_size_applicable
New,08/07/2021,0,0,0,0,0,0,0,0,1,0,,,Other/Misc,Door (General),,0,0,1.0,200.0,200.0,226.0,47.07,,0,,,,,,,,,standard_default,low,no_size_applicable
Recurring,06/12/2024,0,0,0,0,0,0,0,0,1,0,,,Service Call,Door (General),,0,0,1.0,200.0,200.0,226.0,54.2,,0,,,,,,,,,standard_default,low,no_size_applicable
Loyalty,13/09/2021,0,0,0,0,0,1,0,0,1,0,,,Service Call,Door (General),,0,0,1.0,200.0,200.0,226.0,173.81,,1,,,,,,,,,standard_default,low,no_size_applicable
Recurring,14/05/2021,0,0,0,0,0,0,0,0,1,0,,,Install,Door (General),Operator/Opener,0,1,5.0,180.0,900.0,1017.0,17.58,Door (General) Install,0,,,,,,,,,standard_default,low,no_size_applicable
Recurring,26/02/2022,0,0,0,0,0,0,0,0,1,0,,,Repair,Door (General),,0,0,11.0,1800.0,1800.0,2034.0,34.03,,0,,,,,,,,,standard_default,low,no_size_applicable
Loyalty,29/05/2024,0,0,0,0,0,1,0,0,1,0,,,Install,Door (General),Operator/Opener,0,1,102.0,150.0,15300.0,17289.0,71.44,Door (General) Install,0,,,,,,,,,standard_default,low,no_size_applicable
Loyalty,22/11/2024,0,0,0,0,0,1,0,0,1,0,,,Install,Door (General),,0,1,1.0,150.0,150.0,169.5,122.89,Door (General) Install,1,,,,,,,,,standard_default,low,no_size_applicable
Recurring,02/04/2025,1,0,0,0,0,0,0,0,1,0,,,Replace,Door (General),,0,0,5.0,120.0,600.0,678.0,64.0,,0,,,,,,,,,standard_default,low,no_size_applicable
Recurring,26/03/2022,0,1,0,0,0,0,0,0,1,0,,,Remove,Door (General),,0,0,6.0,100.0,600.0,678.0,49.68,,0,,,,,,,,,standard_default,low,no_size_applicable
Recurring,17/08/2021,0,0,0,0,0,0,0,0,1,0,,,Repair,Door (General),,0,0,6.5,100.0,650.0,734.5,50.78,,0,,,,,,,,,standard_default,low,no_size_applicable
Loyalty,26/07/2022,0,0,0,0,0,1,0,0,0,0,,,Service Call,Other/Misc,,0,0,3.5,100.0,350.0,395.5,52.0,,0,,,,,,,,,standard_default,low,no_size_applicable
Loyalty,03/11/2021,0,0,0,0,0,1,0,0,1,0,,,Install,Door (General),,0,1,2.5,100.0,250.0,282.5,54.77,Door (General) Install,0,,,,,,,,,standard_default,low,no_size_applicable
Loyalty,22/11/2024,0,0,0,0,0,1,0,0,1,0,,,Install,Door (General),,0,1,8.0,100.0,800.0,904.0,103.55,Door (General) Install,1,,,,,,,,,standard_default,low,no_size_applicable
Recurring,15/01/2022,0,0,0,0,0,0,0,0,0,0,,,Labor,,Extra Work,0,0,2.0,100.0,200.0,226.0,107.54,,1,,,,,,,,,standard_default,low,no_size_applicable
New,26/07/2022,0,0,0,0,0,0,0,0,0,0,,,Other/Misc,Other/Misc,,0,0,1.0,100.0,100.0,113.0,108.0,,1,,,,,,,,,standard_default,low,no_size_applicable
Loyalty,25/01/2022,0,0,0,0,0,1,0,0,1,0,,,Service Call,Door (General),,0,0,3.0,100.0,300.0,339.0,112.26,,1,,,,,,,,,standard_default,low,no_size_applicable
Loyalty,03/11/2022,0,0,0,0,0,1,0,0,0,0,,,labor,,Extra Work,0,0,6.75,100.0,675.0,762.75,116.78,,1,,,,,,,,,standard_default,low,no_size_applicable
Loyalty,14/04/2023,0,0,0,0,0,1,0,0,1,0,,,Service Call,Door (General),,0,0,7.0,100.0,700.0,791.0,116.78,,1,,,,,,,,,standard_default,low,no_size_applicable
Loyalty,26/07/2022,0,0,0,0,0,1,0,0,0,0,,,Service Call,Other/Misc,,0,0,6.0,100.0,600.0,678.0,145.54,,1,,,,,,,,,standard_default,low,no_size_applicable
Loyalty,18/08/2021,0,0,0,0,0,1,0,0,1,0,,,Install,Door (General),,0,1,13.5,100.0,1350.0,1525.5,147.13,Door (General) Install,1,,,,,,,,,standard_default,low,no_size_applicable
Loyalty,20/07/2021,0,0,0,0,0,1,0,0,1,0,,,Install,Door (General),,0,1,7.0,100.0,700.0,791.0,173.81,Door (General) Install,1,,,,,,,,,standard_default,low,no_size_applicable
Loyalty,08/11/2021,0,0,0,0,0,1,0,0,1,0,,,Install,Door (General),,0,1,2.5,100.0,250.0,282.5,219.08,Door (General) Install,2,,,,,,,,,standard_default,low,no_size_applicable
New,26/07/2022,0,0,0,0,0,0,0,0,0,0,,,Other/Misc,Other/Misc,,0,0,1.0,100.0,100.0,113.0,313.04,,3,,,,,,,,,standard_default,low,no_size_applicable
Loyalty,04/05/2021,0,0,0,0,0,1,0,0,0,0,,,Other/Misc,Other/Misc,,0,0,5.0,100.0,500.0,565.0,558.22,,5,,,,,,,,,standard_default,low,no_size_applicable
New,15/03/2021,0,0,0,0,0,0,0,0,1,0,,,Supply Only,Door (General),,0,0,1.0,80.0,80.0,90.4,211.68,,2,,,,,,,,,standard_default,low,no_size_applicable
New,14/11/2020,0,0,0,0,0,0,0,0,0,0,,,Supply Only,Remote/Photo Eye,,0,0,1.0,60.0,60.0,67.8,286.95,,2,,,,,,,,,standard_default,low,no_size_applicable
Recurring,26/03/2022,0,0,0,0,0,0,0,0,0,0,,,Supply & Install,Remote/Photo Eye,,0,0,3.0,55.0,165.0,186.45,49.68,,0,,,,,,,,,standard_default,low,no_size_applicable
Recurring,19/05/2022,0,0,0,0,0,0,0,0,0,0,,,Supply & Install,Remote/Photo Eye,,0,0,1.0,55.0,55.0,62.15,50.31,,0,,,,,,,,,standard_default,low,no_size_applicable
Loyalty,07/09/2025,0,0,0,0,0,1,0,0,1,0,,,Install,Door (General),,0,1,1.0,55.0,55.0,62.15,102.0,Door (General) Install,1,,,,,,,,,standard_default,low,no_size_applicable
Loyalty,20/03/2023,0,0,0,0,0,1,0,0,1,0,,,Install,Door (General),,0,1,1.0,50.0,1150.0,1299.5,110.0,Door (General) Install,1,,,,,,,,,standard_default,low,no_size_applicable
Loyalty,29/09/2021,0,0,0,0,0,1,0,0,0,0,,,Install,Other/Misc,,0,1,60.0,50.0,3000.0,3390.0,148.78,Other/Misc Install,1,,,,,,,,,standard_default,low,no_size_applicable
Loyalty,15/01/2022,0,1,0,0,0,1,0,0,0,0,,,Remove and Replace,,Operator/Opener,0,0,1.0,400.0,400.0,452.0,7.31,,0,,,,,,,,,standard_default,low,no_size_applicable
Recurring,26/07/2022,0,1,0,0,0,0,0,0,0,0,,,Remove and Replace,,Dock Seal,0,0,1.0,1400.0,1400.0,1582.0,12.26,,0,,,,,,,,,standard_default,low,no_size_applicable
Recurring,29/01/2024,0,1,0,0,0,0,0,0,0,0,,,Remove,,Dock Seal,0,0,5.0,150.0,750.0,847.5,15.01,,0,,,,,,,,,standard_default,low,no_size_applicable
Recurring,29/01/2024,0,0,0,0,0,0,0,0,0,0,,,Install,,Dock Seal,0,1,5.0,350.0,1750.0,1977.5,15.01, Install,0,,,,,,,,,standard_default,low,no_size_applicable
Loyalty,01/02/2023,0,0,0,0,0,1,0,0,0,1,,,Repair,Hardware/Parts,,0,0,1.0,500.0,500.0,565.0,16.96,,0,,,,,,,,,standard_default,low,no_size_applicable
Loyalty,06/12/2022,0,0,0,0,0,1,0,0,0,0,,,Rental,,Telehandler,0,0,1.0,550.0,550.0,621.5,17.09,,0,,,,,,,,,standard_default,low,no_size_applicable
Loyalty,19/08/2023,0,0,0,0,0,1,0,0,0,0,,,Install,,Bumper,0,1,1.0,250.0,250.0,282.5,24.4, Install,0,,,,,,,,,standard_default,low,no_size_applicable
Recurring,07/08/2024,0,1,0,0,0,0,0,0,0,0,,,Remove and Replace,,shelters,0,0,1.0,1100.0,1100.0,1243.0,31.52,,0,,,,,,,,,standard_default,low,no_size_applicable
Recurring,18/05/2022,0,0,0,0,0,0,0,0,0,0,,,Install,,Dock Seal,0,1,1.0,750.0,750.0,847.5,39.86, Install,0,,,,,,,,,standard_default,low,no_size_applicable
New,06/12/2022,0,0,0,0,0,0,0,0,0,0,,,Install,,Dock Seal,0,1,1.0,46.0,46.0,51.980000000000004,40.54, Install,0,,,,,,,,,standard_default,low,no_size_applicable
New,06/12/2022,0,0,0,0,0,0,0,0,0,1,,,install,Hardware/Parts,,0,1,16.0,14.0,224.0,253.12,40.54,Hardware/Parts install,0,,,,,,,,,standard_default,low,no_size_applicable
New,06/12/2022,0,0,0,0,0,0,0,0,0,0,,,Install,,Dock Seal,0,1,1.0,54.0,378.0,427.14,40.54, Install,0,,,,,,,,,standard_default,low,no_size_applicable
Recurring,02/02/2026,0,1,0,0,0,0,0,0,0,0,,,Remove,,Dock Seal,0,0,1.0,800.0,800.0,904.0,47.29,,0,,,,,,,,,standard_default,low,no_size_applicable
Recurring,03/11/2022,0,1,0,0,0,0,0,0,0,1,,,Remove and Replace,Hardware/Parts,,0,0,1.0,840.0,840.0,949.2,49.68,,0,,,,,,,,,standard_default,low,no_size_applicable
Recurring,29/03/2024,1,0,0,0,0,0,0,0,0,1,,,Replace,Hardware/Parts,,0,0,1.0,420.0,420.0,474.6,49.68,,0,,,,,,,,,standard_default,low,no_size_applicable
Loyalty,05/02/2022,0,0,0,0,0,1,0,0,0,1,,,Repair,Hardware/Parts,,0,0,1.0,1000.0,1000.0,1130.0,51.46,,0,,,,,,,,,standard_default,low,no_size_applicable
Loyalty,27/02/2023,0,0,0,0,0,1,0,0,0,0,,,Rental,,Telehandler,0,0,2.0,1000.0,1000.0,1130.0,51.46,,0,,,,,,,,,standard_default,low,no_size_applicable
Loyalty,17/08/2021,0,0,0,0,0,1,0,0,0,0,,,Service Call,,Dock Seal,0,0,2.0,100.0,200.0,226.0,51.62,,0,,,,,,,,,standard_default,low,no_size_applicable
Recurring,06/12/2024,0,0,0,0,0,0,0,0,0,0,,,Install,,Operator/Opener,0,1,1.0,55.0,55.0,62.15,51.62, Install,0,,,,,,,,,standard_default,low,no_size_applicable
Loyalty,27/02/2023,0,0,0,0,0,1,0,0,0,0,,,Rental,,Telehandler,0,0,2.0,2000.0,2000.0,2260.0,51.68,,0,,,,,,,,,standard_default,low,no_size_applicable
Loyalty,28/03/2023,0,0,0,0,0,1,0,0,0,0,,,Rental,,Telehandler,0,0,1.0,550.0,550.0,621.5,54.35,,0,,,,,,,,,standard_default,low,no_size_applicable
Loyalty,26/11/2022,0,0,0,0,0,1,0,0,0,0,,,Rental,,Telehandler,0,0,1.0,550.0,550.0,621.5,54.49,,0,,,,,,,,,standard_default,low,no_size_applicable
Recurring,02/12/2024,0,0,0,0,0,0,0,0,0,0,,,Supply Only,,Operator/Opener,0,0,2.0,1025.0,2050.0,2316.5,55.04,,0,,,,,,,,,standard_default,low,no_size_applicable
Recurring,03/02/2025,0,1,0,0,0,0,0,0,0,0,,,Remove and Replace,,shelters,0,0,1.0,900.0,900.0,1017.0,55.04,,0,,,,,,,,,standard_default,low,no_size_applicable
Loyalty,09/11/2023,0,0,0,0,0,1,0,0,0,0,,,Rental,,Telehandler,0,0,1.0,1000.0,1000.0,1130.0,55.65,,0,,,,,,,,,standard_default,low,no_size_applicable
Recurring,14/12/2020,0,0,0,0,0,0,0,0,0,0,,,Install,,shelters,0,1,9.0,2250.0,2250.0,2542.5,56.0, Install,0,,,,,,,,,standard_default,low,no_size_applicable
Loyalty,22/10/2022,0,0,0,0,0,1,0,0,0,0,,,Rental,,Telehandler,0,0,1.0,1500.0,1500.0,1695.0,59.08,,0,,,,,,,,,standard_default,low,no_size_applicable
Recurring,25/11/2021,0,0,0,0,0,0,0,0,0,0,,,Supply & Install,,Dock Seal,0,0,1.0,600.0,600.0,678.0,63.0,,0,,,,,,,,,standard_default,low,no_size_applicable
Loyalty,29/07/2023,1,0,0,0,0,1,0,0,0,1,,,Replace,Hardware/Parts,,0,0,1.0,700.0,700.0,791.0,64.8,,0,,,,,,,,,standard_default,low,no_size_applicable
Recurring,02/12/2021,0,1,0,0,0,0,0,0,0,0,,,Remove and Replace,,Dock Seal,0,0,12.0,300.0,3600.0,4068.0,68.31,,0,,,,,,,,,standard_default,low,no_size_applicable
Loyalty,05/02/2022,0,0,0,0,0,1,0,0,0,0,,,Install,,Operator/Opener,0,1,3.0,150.0,450.0,508.5,69.44, Install,0,,,,,,,,,standard_default,low,no_size_applicable
Loyalty,29/05/2024,0,0,0,0,0,1,0,0,0,0,,,Rental,,Telehandler,0,0,1.0,2000.0,2000.0,2260.0,71.44,,0,,,,,,,,,standard_default,low,no_size_applicable
Recurring,02/12/2021,0,1,0,0,0,0,0,0,0,0,,,Remove and Replace,,Bumper,0,0,12.0,100.0,1200.0,1356.0,71.72,,0,,,,,,,,,standard_default,low,no_size_applicable
Loyalty,17/05/2022,0,0,0,0,0,1,0,0,0,0,,,Rental,,Telehandler,0,0,1.0,550.0,550.0,621.5,74.67,,0,,,,,,,,,standard_default,low,no_size_applicable
Loyalty,18/05/2022,0,0,0,0,0,1,0,0,0,0,,,install,,Dock Seal,0,1,1.0,750.0,750.0,847.5,74.93, install,0,,,,,,,,,standard_default,low,no_size_applicable
Loyalty,13/11/2025,0,0,0,0,0,1,0,0,0,0,,,Install,,Dock Seal,0,1,2.0,110.0,605.0,683.65,79.17, Install,0,,,,,,,,,standard_default,low,no_size_applicable
Loyalty,13/11/2025,0,0,0,0,0,1,0,0,0,1,,,Repair,Hardware/Parts,,0,0,2.0,110.0,220.0,248.6,79.4,,0,,,,,,,,,standard_default,low,no_size_applicable
Recurring,12/10/2020,0,0,0,0,0,0,0,0,0,0,,,Install,,Dock Seal,0,1,4.0,275.0,1100.0,1243.0,80.9, Install,0,,,,,,,,,standard_default,low,no_size_applicable
Recurring,24/07/2023,0,0,0,0,0,0,0,0,0,1,2 * 2,,Labor,Hardware/Parts,,0,0,1.0,882.0,882.0,996.66,82.39,,0,,,,,,,,,standard_default,low,no_size_applicable
Recurring,26/07/2022,0,0,0,0,0,0,0,0,0,0,,,Install,,Dock Seal,0,1,13.0,250.0,3250.0,3672.5,90.61, Install,0,,,,,,,,,standard_default,low,no_size_applicable
Loyalty,17/05/2022,0,0,0,0,0,1,0,0,0,0,,,Rental,,Telehandler,0,0,1.0,550.0,550.0,621.5,95.71,,0,,,,,,,,,standard_default,low,no_size_applicable
Loyalty,28/03/2023,1,0,0,0,0,1,0,0,0,1,,,Replace,Hardware/Parts,,0,0,1.0,500.0,500.0,565.0,102.92,,1,,,,,,,,,standard_default,low,no_size_applicable
Loyalty,19/12/2023,0,0,0,0,0,1,0,0,0,0,,,Rental,,Telehandler,0,0,1.0,1000.0,1000.0,1130.0,108.4,,1,,,,,,,,,standard_default,low,no_size_applicable
Loyalty,20/03/2023,0,0,0,0,0,1,0,0,0,0,,,Rental,,Telehandler,0,0,1.0,1000.0,1000.0,1130.0,110.0,,1,,,,,,,,,standard_default,low,no_size_applicable
Loyalty,23/04/2022,0,0,0,0,0,1,0,0,0,0,,,Install,,Dock Seal,0,1,4.0,200.0,800.0,904.0,110.71, Install,1,,,,,,,,,standard_default,low,no_size_applicable
Loyalty,24/07/2023,0,0,0,0,0,1,0,0,0,0,,,Rental,,Telehandler,0,0,1.0,1000.0,1000.0,1130.0,116.78,,1,,,,,,,,,standard_default,low,no_size_applicable
Recurring,29/07/2023,0,0,0,0,0,0,0,0,0,1,,,Other/Misc,Hardware/Parts,,0,0,9.0,42.0,378.0,427.14,117.4,,1,,,,,,,,,standard_default,low,no_size_applicable
Recurring,02/09/2021,0,0,0,0,0,0,0,0,0,0,,,Install,,Dock Seal,0,1,29.0,4350.0,4350.0,4915.5,117.83, Install,1,,,,,,,,,standard_default,low,no_size_applicable
Loyalty,01/07/2025,1,0,0,0,0,1,0,0,0,1,,,Replace,Hardware/Parts,,0,0,1.0,500.0,500.0,565.0,126.0,,1,,,,,,,,,standard_default,low,no_size_applicable
Recurring,02/09/2021,0,0,0,0,0,0,0,0,0,0,,,Install,,Dock Seal,0,1,34.0,4590.0,4590.0,5186.7,127.5, Install,1,,,,,,,,,standard_default,low,no_size_applicable
Recurring,21/03/2026,0,0,0,0,0,0,0,0,0,0,,,Install,,Dock Seal,0,1,1.0,1400.0,1400.0,1582.0,132.4, Install,1,,,,,,,,,standard_default,low,no_size_applicable
New,05/11/2024,0,0,0,0,0,0,0,0,0,0,,,Supply & Install,,Operator/Opener,0,0,1.0,1600.0,1600.0,1808.0,145.3,,1,,,,,,,,,standard_default,low,no_size_applicable
Recurring,19/01/2024,0,0,0,0,0,0,0,0,0,0,,,Install,,Operator/Opener,0,1,10.0,1200.0,1200.0,1356.0,147.53, Install,1,,,,,,,,,standard_default,low,no_size_applicable
Recurring,14/06/2023,0,0,0,0,0,0,0,0,0,0,,,Supply & Install,,Operator/Opener,0,0,1.0,1070.0,1070.0,1209.1,152.76,,1,,,,,,,,,standard_default,low,no_size_applicable
Recurring,29/03/2024,0,0,0,0,0,0,0,0,0,0,,,Install,,Operator/Opener,0,1,2.0,1000.0,2000.0,2260.0,160.0, Install,1,,,,,,,,,standard_default,low,no_size_applicable
Recurring,08/07/2021,0,0,0,0,0,0,0,0,0,0,,,Other/Misc,,Operator/Opener,0,0,1.0,1080.0,1080.0,1220.4,164.0,,1,,,,,,,,,standard_default,low,no_size_applicable
Recurring,14/12/2020,0,0,0,0,0,0,0,0,0,0,,,Install,,Bumper,0,1,4.0,1400.0,1400.0,1582.0,185.77, Install,1,,,,,,,,,standard_default,low,no_size_applicable
Loyalty,19/08/2023,0,0,0,0,0,1,0,0,0,1,,,Labor,Hardware/Parts,,0,0,31.0,42.0,1302.0,1471.26,187.45,,1,,,,,,,,,standard_default,low,no_size_applicable
Loyalty,08/04/2022,0,1,0,0,0,1,0,0,0,1,,,Remove,Hardware/Parts,,0,0,3.0,100.0,300.0,339.0,195.9,,1,,,,,,,,,standard_default,low,no_size_applicable
Recurring,12/01/2023,0,0,0,0,0,0,0,0,0,0,,,Install,,Dock Seal,0,1,8.0,250.0,2000.0,2260.0,210.0, Install,2,,,,,,,,,standard_default,low,no_size_applicable
Loyalty,27/05/2022,0,0,0,0,0,1,0,0,0,0,,,Rental,,Telehandler,0,0,1.0,550.0,550.0,621.5,219.08,,2,,,,,,,,,standard_default,low,no_size_applicable
Loyalty,03/10/2022,1,0,0,0,0,1,0,0,0,1,,,Replace,Hardware/Parts,,0,0,1.0,300.0,300.0,339.0,219.08,,2,,,,,,,,,standard_default,low,no_size_applicable
New,03/05/2021,0,0,0,0,0,0,0,0,0,1,,,Supply Only,Hardware/Parts,,0,0,1.0,185.0,185.0,209.05,225.15,,2,,,,,,,,,standard_default,low,no_size_applicable
New,16/01/2021,0,0,0,0,0,0,0,0,0,1,,,Service Call,Hardware/Parts,,0,0,1.0,225.0,225.0,254.25,225.22,,2,,,,,,,,,standard_default,low,no_size_applicable
Recurring,31/12/2022,0,0,0,0,0,0,0,0,0,0,,,Supply Only,,Operator/Opener,0,0,1.0,875.0,875.0,988.75,231.4,,2,,,,,,,,,standard_default,low,no_size_applicable
Recurring,21/10/2025,0,0,0,0,0,0,0,0,0,0,,,Supply & Install,,Operator/Opener,0,0,2.0,2600.0,2600.0,2938.0,234.0,,2,,,,,,,,,standard_default,low,no_size_applicable
Loyalty,19/12/2025,1,0,0,0,0,1,0,0,0,0,,,Replace,,Dock Seal,0,0,1.0,800.0,800.0,904.0,266.0,,2,,,,,,,,,standard_default,low,no_size_applicable
New,06/01/2026,0,0,0,0,0,0,0,0,0,1,,,Supply Only,Hardware/Parts,,0,0,1.0,460.0,460.0,519.8,272.0,,2,,,,,,,,,standard_default,low,no_size_applicable
New,26/07/2022,0,0,0,0,0,0,0,0,0,0,,,Supply Only,,Operator/Opener,0,0,2.0,674.0,1348.0,1523.24,313.04,,3,,,,,,,,,standard_default,low,no_size_applicable
Loyalty,13/11/2025,0,0,0,0,0,1,0,0,0,0,,,Install,,Bumper,0,1,11.0,7600.0,7600.0,8588.0,316.0, Install,3,,,,,,,,,standard_default,low,no_size_applicable
Loyalty,15/02/2024,0,0,0,0,0,1,0,0,0,1,,,Repair,Hardware/Parts,,0,0,1.0,700.0,700.0,791.0,318.19,,3,,,,,,,,,standard_default,low,no_size_applicable
New,25/10/2024,0,0,0,0,0,0,0,0,0,0,,,Install,,Operator/Opener,0,1,1.0,1960.0,1960.0,2214.8,369.23, Install,3,,,,,,,,,standard_default,low,no_size_applicable
Recurring,19/06/2025,0,0,0,0,0,0,0,0,0,0,,,Supply & Install,,Operator/Opener,0,0,3.0,1250.0,3750.0,4237.5,402.0,,4,,,,,,,,,standard_default,low,no_size_applicable
Recurring,04/08/2025,0,0,0,0,0,0,0,0,0,0,,,Install,,Operator/Opener,0,1,1.0,625.0,625.0,706.25,404.0, Install,4,,,,,,,,,standard_default,low,no_size_applicable
Recurring,05/07/2025,0,0,0,0,0,0,0,0,0,0,,,Install,,Dock Seal,0,1,21.0,150.0,3150.0,3559.5,404.55, Install,4,,,,,,,,,standard_default,low,no_size_applicable
Loyalty,04/05/2021,0,0,0,0,0,1,0,0,0,0,,,Install,,Operator/Opener,0,1,6.0,150.0,900.0,1017.0,558.22, Install,5,,,,,,,,,standard_default,low,no_size_applicable
